Workbook

Sheet Raw Data
A1: Item Name | B1: Selling Price | C1: Cost of Goods Sold | D1: Quantity Sold
A2: Burger | B2: 15 | C2: 4.5 | D2: 120
A3: Fries | B3: 5 | C3: 1 | D3: 110
A4: Lobster Roll | B4: 32 | C4: 18 | D4: 40
A5: Soda | B5: 3 | C5: 0.25 | D5: 150
A6: Side Salad | B6: 6 | C6: 2.5 | D6: 30
A7: Filet Mignon | B7: 45 | C7: 22 | D7: 50
A8: Fish Tacos | B8: 14 | C8: 5 | D8: 70
A9: Brownie | B9: 7 | C9: 1.5 | D9: 85

Sheet Calculated Data
A1: Item Name | B1: Selling Price | C1: Cost of Goods Sold | D1: Quantity Sold | E1: Item CM | F1: Item Pop % | G1: Quadrant Label | H1: Column1 | I1: Column2
A2: ='Raw Data'!A2 -> Burger | B2: ='Raw Data'!B2 -> 15 | C2: ='Raw Data'!C2 -> 4.5 | D2: ='Raw Data'!D2 -> 120 | E2: =B2-C2 -> 10.5 | F2: =(D2*100)/SUM($D$2:$D$9) -> 18.320611 | G2: =IF(AND(E2>=$I$2, F2>=$I$3), "STAR", IF(AND(E2<$I$2, F2>=$I$3), "PLOWHORSE", IF(AND(E2>=$I$2, F2<$I$3), "PUZZLE", "DOG"))) -> STAR | H2: Average CM | I2: =AVERAGE(E2:E9) -> 9.65625
A3: ='Raw Data'!A3 -> Fries | B3: ='Raw Data'!B3 -> 5 | C3: ='Raw Data'!C3 -> 1 | D3: ='Raw Data'!D3 -> 110 | E3: =B2-C2 -> 10.5 | F3: =(D3*100)/SUM($D$2:$D$9) -> 16.793893 | G3: =IF(AND(E3>=$I$2, F3>=$I$3), "STAR", IF(AND(E3<$I$2, F3>=$I$3), "PLOWHORSE", IF(AND(E3>=$I$2, F3<$I$3), "PUZZLE", "DOG"))) -> STAR | H3: Avg Pop %: | I3: =AVERAGE(F2:F9) -> 12.5
A4: ='Raw Data'!A5 -> Soda | B4: ='Raw Data'!B5 -> 3 | C4: ='Raw Data'!C5 -> 0.25 | D4: ='Raw Data'!D5 -> 150 | E4: =B5-C5 -> 14 | F4: =(D4*100)/SUM($D$2:$D$9) -> 22.900763 | G4: =IF(AND(E4>=$I$2, F4>=$I$3), "STAR", IF(AND(E4<$I$2, F4>=$I$3), "PLOWHORSE", IF(AND(E4>=$I$2, F4<$I$3), "PUZZLE", "DOG"))) -> STAR
A5: ='Raw Data'!A4 -> Lobster Roll | B5: ='Raw Data'!B4 -> 32 | C5: ='Raw Data'!C4 -> 18 | D5: ='Raw Data'!D4 -> 40 | E5: =B3-C3 -> 4 | F5: =(D5*100)/SUM($D$2:$D$9) -> 6.1068702 | G5: =IF(AND(E5>=$I$2, F5>=$I$3), "STAR", IF(AND(E5<$I$2, F5>=$I$3), "PLOWHORSE", IF(AND(E5>=$I$2, F5<$I$3), "PUZZLE", "DOG"))) -> DOG
A6: ='Raw Data'!A6 -> Side Salad | B6: ='Raw Data'!B6 -> 6 | C6: ='Raw Data'!C6 -> 2.5 | D6: ='Raw Data'!D6 -> 30 | E6: =B4-C4 -> 2.75 | F6: =(D6*100)/SUM($D$2:$D$9) -> 4.5801527 | G6: =IF(AND(E6>=$I$2, F6>=$I$3), "STAR", IF(AND(E6<$I$2, F6>=$I$3), "PLOWHORSE", IF(AND(E6>=$I$2, F6<$I$3), "PUZZLE", "DOG"))) -> DOG
A7: ='Raw Data'!A7 -> Filet Mignon | B7: ='Raw Data'!B7 -> 45 | C7: ='Raw Data'!C7 -> 22 | D7: ='Raw Data'!D7 -> 50 | E7: =B6-C6 -> 3.5 | F7: =(D7*100)/SUM($D$2:$D$9) -> 7.6335878 | G7: =IF(AND(E7>=$I$2, F7>=$I$3), "STAR", IF(AND(E7<$I$2, F7>=$I$3), "PLOWHORSE", IF(AND(E7>=$I$2, F7<$I$3), "PUZZLE", "DOG"))) -> DOG
A8: ='Raw Data'!A8 -> Fish Tacos | B8: ='Raw Data'!B8 -> 14 | C8: ='Raw Data'!C8 -> 5 | D8: ='Raw Data'!D8 -> 70 | E8: =B7-C7 -> 23 | F8: =(D8*100)/SUM($D$2:$D$9) -> 10.687023 | G8: =IF(AND(E8>=$I$2, F8>=$I$3), "STAR", IF(AND(E8<$I$2, F8>=$I$3), "PLOWHORSE", IF(AND(E8>=$I$2, F8<$I$3), "PUZZLE", "DOG"))) -> PUZZLE
A9: ='Raw Data'!A9 -> Brownie | B9: ='Raw Data'!B9 -> 7 | C9: ='Raw Data'!C9 -> 1.5 | D9: ='Raw Data'!D9 -> 85 | E9: =B8-C8 -> 9 | F9: =(D9*100)/SUM($D$2:$D$9) -> 12.977099 | G9: =IF(AND(E9>=$I$2, F9>=$I$3), "STAR", IF(AND(E9<$I$2, F9>=$I$3), "PLOWHORSE", IF(AND(E9>=$I$2, F9<$I$3), "PUZZLE", "DOG"))) -> PLOWHORSE
A11: TOTALS | B11: =SUM(D:D) -> 655
A12: Total Revenue | B12: =SUMPRODUCT(D2:D9, B2:B9) -> 8085
A13: Total COGS | B13: =SUMPRODUCT(D2:D9, C2:C9) -> 3060
A14: Total COGS % | B14: =B13/B12 -> 0.37847866
